"Star_key"	"star"	"DISTANCE"	"EQUIVALENT TEMPERATURE"	"Star Mass"	"RELATIVE RADIUS"	"Star Luminosity"	"STELLAR TYPE"
1107	"Hibuarius"	412,56	3016	0,3	0,6	0,07	"M|3|V"
1918	"Oceana"	144,843	4860	0,6	0,71	0,39	"K|2|V"
2236	"Sappir"	427,733	3337	0,4	0,2	0,02	"M|2|V"
1745	"Monongahela"	233,826	2580	0,4	0,47	0,05	"M|5|V"
433	"Cajamarca"	292,741	5304	0,8	1,1	0,95	"G|5|V"
1734	"Modesto"	554,978	2669	0,4	0,26	0,05	"M|6|V"
2718	"Wapakoneta"	248,167	2899	0,2	0,3	0,03	"M|1|V"
1175	"Iijima"	288,222	3254	0,4	0,17	0,07	"M|3|V"
1450	"Lancaster"	290,106	2469	0,2	0,58	0,07	"M|8|V"
2188	"Rudolpho"	556,476	3208	0,4	0,24	NA	"M|2|V"
1177	"Iknogoro"	253,443	2609	0,3	0,16	0,02	"M|0|V"
1787	"Nahoni"	316,006	3754	0,7	0,78	0,59	"K|2|V"
513	"Chahar"	394,275	2513	0,1	0,3	0,04	"M|3|V"
2295	"Shasta"	241,161	2750	0,3	0,16	0,06	"M|3|V"
2825	"Zdice"	312,902	3157	0,3	0,68	0,04	"M|3|V"
1919	"Odabasi"	225,235	2688	0,3	0,43	0,07	"M|5|V"
1556	"MacLeod's Land"	422,64	3598	0,2	0,53	0,03	"M|0|V"
985	"Götterdämmerung"	499,045	2763	0,3	0,43	0,06	"M|2|V"
548	"Choex"	456,594	2626	0,4	0,15	0,07	"M|6|V"
1867	"Nichol's Rest"	274,835	2954	0,1	0,38	0,06	"M|3|V"
1557	"Macomb"	342,065	4173	0,7	0,74	0,14	"K|2|V"
652	"Dalmantia"	277,007	2629	0,3	0,33	0,03	"M|5|V"
1036	"Halesowen"	254,35	2879	0,4	0,68	0,04	"M|5|V"
2751	"Westphalia"	162,613	3019	0,2	0,21	0,02	"M|3|V"
524	"Charleywood"	276,572	2689	0,3	0,67	0,07	"M|5|V"
1543	"Lyceum"	435,249	3864	0,8	0,86	0,5	"K|5|V"
562	"Cirebon"	301,512	2806	0,3	0,49	0,02	"M|6|V"
594	"Coraines"	527,511	4130	0,7	0,89	0,54	"K|5|V"
1379	"Knutdor"	242,812	2586	0,3	0,63	0,02	"M|6|V"
1257	"Johnsondale"	162,424	3074	0,3	0,22	0,05	"M|0|V"
2633	"Unzmarkt"	364,943	NA	0,3	0,43	0,03	"M|2|V"
1524	"Loxley"	384,378	4021	0,7	0,75	0,17	"K|2|V"
908	"Fukuroi"	173,854	3907	0,8	0,74	0,57	"K|4|V"
1748	"Monthey"	507,606	4245	0,5	0,83	0,55	"K|5|V"
410	"Bryant"	18,672	2528	0,2	0,69	0,07	"M|5|V"
2089	"Quarell"	234,588	5721	1	1,06	1,46	"G|2|V"
564	"Claybrooke"	372,788	2477	0,4	0,55	0,06	"M|5|V"
2733	"Wedderborg"	479,88	2851	0,2	0,31	0,07	"M|5|V"
2051	"Porrima"	179,977	4358	0,7	0,7	0,42	"K|5|V"
893	"Ford"	193,561	2837	0,1	0,37	0,01	"M|1|V"
412	"Buchlau"	98,187	2942	0,4	0,08	0,02	"M|0|V"
3164	"Tarragona"	525,572	2473	0,2	0,66	0,03	"M|2|V"
75	"Alkalurops"	57,737	2752	0,2	0,36	0,01	"M|5|V"
3058	"Refuel Base Gamma"	1124,007	4348	0,7	0,9	0,28	"K|4|V"
2356	"Skye"	76,743	2509	0,4	0,38	0,07	"M|1|V"
1993	"Pasig"	371,41	2709	0,3	0,2	0,07	"M|4|V"
2415	"Stockpoll"	251,813	3387	0,2	0,28	0,05	"M|2|V"
2204	"Sadurni"	344,7	3748	0,7	0,93	0,45	"K|7|V"
1206	"Ipava"	279,78	5679	1	1,15	1,39	"G|2|V"
951	"Gibraltar"	385,851	4178	0,8	0,72	0,41	"K|5|V"
1307	"Kaumberg"	413,871	2473	0,4	0,52	0,05	"M|5|V"
2517	"Terra Firma"	40,454	3870	0,5	0,79	0,14	"K|7|V"
193	"Ashkum"	150,856	4854	0,6	0,89	0,47	"K|2|V"
2940	"Delios"	1805,006	3110	0,4	0,08	0,01	"M|3|V"
1465	"Launam"	167,677	3909	0,6	0,84	0,22	"K|6|V"
3139	"Trondheim"	780,505	3784	0,7	0,87	0,51	"K|7|V"
1946	"Orestes"	169,614	4729	0,7	0,72	0,3	"K|2|V"
2946	"Hellgate"	1843,769	4031	0,5	0,89	0,28	"K|2|V"
1841	"New Olympia"	198,809	2467	0,1	0,14	0,04	"M|2|V"
2446	"Svarstaad"	344,223	2665	0,1	0,15	0,07	"M|5|V"
1363	"Kirklin"	286,449	2877	0,3	0,25	NA	"M|5|V"
254	"Bannerhoft"	620,134	3031	0,3	0,65	0,08	"M|4|V"
103	"Althea's Choice"	510,154	2560	0,2	0,12	0,01	"M|3|V"
2038	"Pleiades Cluster"	385,94	2930	0,4	0,41	0,06	"M|2|V"
134	"Angell"	129,287	3217	0,3	0,4	0,05	"M|1|V"
1532	"Ludwig"	179,422	NA	0,3	0,67	0,06	"M|3|V"
2622	"Ulubis"	607,488	2700	0,2	0,35	0,06	"M|4|V"
940	"Gatchina"	400,662	2403	0,2	0,55	0,01	"M|3|V"
2564	"Tongatapu"	222,053	4643	0,5	0,8	0,58	"K|0|V"
2259	"Scheuerheck"	360,357	3085	0,4	0,26	0,06	"M|3|V"
3131	"Carcri"	710,395	4143	0,7	0,85	0,59	"K|2|V"
774	"Eguilles"	236,068	3930	0,5	0,92	0,29	"K|7|V"
1651	"Medellin"	404,692	2791	0,3	0,6	0,03	"M|2|V"
2965	"Tiber"	1878,865	2449	0,2	0,25	0,03	"M|2|V"
679	"Delacruz"	389,291	2762	0,1	0,3	0,06	"M|6|V"
2788	"Xieng Khouang"	323,221	3800	0,5	0,87	0,5	"K|6|V"
2214	"Salardion"	396,437	2574	0,2	0,6	0,07	"M|6|V"
1658	"Meglan"	286,714	5643	1	1,08	1,43	"G|2|V"
1496	"Linneus"	450,357	5350	1	1,08	1,01	"G|5|V"
576	"Colia"	363,701	2484	0,3	0,15	0,07	"M|7|V"
942	"Geifer"	190,01	2450	0,2	0,45	0,07	"M|4|V"
720	"Diosd"	230,539	4191	0,6	0,91	0,23	"K|5|V"
3112	"Horgens"	1209,767	2743	0,3	0,4	0,02	"M|5|V"
586	"Connaught"	67,654	4014	0,7	0,91	0,35	"K|7|V"
2723	"Warrumbungle"	275,376	2728	0,2	0,62	0,05	"M|5|V"
1798	"Narellan"	305,878	2550	0,1	0,56	0,03	"M|6|V"
662	"Daol"	365,981	2624	0,1	0,16	0,02	"M|4|V"
2637	"Urjala"	423,517	2730	0,2	0,23	0,02	"M|3|V"
247	"Balsta"	413,785	3868	0,7	0,79	0,31	"K|3|V"
64	"Alexandria"	372,951	2604	0,3	0,33	0,07	"M|3|V"
2184	"Royal Foxx"	441,428	4747	0,5	0,92	0,2	"K|2|V"
2822	"Zaurak"	143,14	3121	0,2	0,3	0,03	"M|1|V"
1812	"New Abilene"	456,224	2827	0,4	0,29	0,01	"M|3|V"
309	"Bernardo"	96,943	2643	0,1	0,69	0,01	"M|3|V"
2113	"Ramen"	155,499	2472	0,1	0,25	0,05	"M|2|V"
1265	"Joyz"	468,364	3855	0,6	0,82	0,42	"K|7|V"
2365	"Snailzar"	103,581	4007	0,7	0,93	0,37	"K|2|V"
2634	"Upano"	291,766	5713	0,9	1,13	1,02	"G|2|V"
943	"Gei-Fu"	207,247	3123	0,2	0,14	0,03	"M|1|V"
2554	"Tiruppur"	346,676	5337	0,8	1,03	0,79	"G|5|V"
2915	"Orkney"	550,436	2523	0,4	0,18	0,01	"M|8|V"
2904	"Gaul"	708,54	3121	0,1	0,68	0,06	"M|2|V"
2058	"Poznan"	102,506	3154	0,2	0,19	0,03	"M|0|V"
306	"Berenson"	72,441	2661	0,1	0,4	0,06	"M|6|V"
2272	"Seginus"	103,55	2558	0,4	0,53	0,07	"M|1|V"
1499	"Lipton"	34,466	2580	0,1	0,46	0,01	"M|7|V"
1150	"Huesta"	433,301	3122	0,1	0,5	0,07	"M|2|V"
1365	"Kiruna"	430,026	2806	0,1	0,43	0,01	"M|4|V"
2620	"Ullieri"	307,778	2917	0,1	0,68	0,04	"M|1|V"
2440	"Surcin"	217,445	2753	NA	0,18	0,01	"M|3|V"
1611	"Marisura"	481,775	2952	0,2	0,63	0,01	"M|5|V"
829	"Euschelus"	480,108	2421	0,3	0,43	0,04	"M|6|V"
1708	"Milos"	232,493	2875	0,3	0,19	0,06	"M|5|V"
1247	"Jerangle"	477,006	2559	0,4	0,17	0,01	"M|7|V"
2157	"Rio"	99,618	4012	0,5	0,86	0,11	"K|3|V"
1449	"Lancaster"	145,538	4585	0,7	0,75	0,28	"K|0|V"
1072	"Hean"	76,095	3167	0,4	0,55	0,01	"M|2|V"
2632	"Unukalhai"	83,703	2733	0,2	0,22	0,01	"M|5|V"
1054	"Hardcore"	513,072	2408	0,4	0,22	0,06	"M|6|V"
2022	"Pherkad"	222,22	4054	0,7	0,74	0,24	"K|5|V"
1458	"Larned"	295,318	3987	0,7	0,77	0,28	"K|2|V"
2557	"Toffen"	225,613	2629	0,3	0,45	0,06	"M|1|V"
2937	"Bearclaw"	1729,998	2456	0,3	0,13	0,05	"M|2|V"
2393	"St. Loris"	258,164	3337	0,1	0,67	0,06	"M|2|V"
323	"Bicester"	272,122	5453	0,8	0,99	1,49	"G|4|V"
952	"Gibson"	326,654	NA	0,4	0,23	0,02	"M|3|V"
97	"Altair"	16,348	2864	0,3	0,53	0,02	"M|2|V"
1686	"Merope"	387,431	2793	0,4	0,65	0,03	"M|3|V"
1174	"Igualada"	311,943	3869	0,7	0,78	0,12	"K|4|V"
2993	"Goslar"	999,013	5562	1	1,03	1,33	"G|4|V"
2340	"Simferopol"	360,327	2526	0,2	0,14	0,04	"M|7|V"
747	"Duantia"	344,895	2781	0,1	0,33	0,06	"M|1|V"
1861	"Newcastle"	276,04	3381	0,2	0,1	0,03	"M|1|V"
2287	"Sevon"	484,114	5708	0,9	1,07	0,93	"G|2|V"
831	"Eutin"	268,678	3814	0,5	0,85	0,43	"K|0|V"
1642	"McGehee"	338,724	3075	0,4	0,31	0,02	"M|3|V"
1921	"Odell"	268,784	3911	0,8	0,87	0,36	"K|6|V"
1795	"Namen"	275,865	2903	0,4	0,56	0,06	"M|2|V"
1231	"Jamestown"	433,938	2544	0,2	0,24	0,01	"M|5|V"
1311	"Kautokeino"	394,552	3793	0,7	0,74	0,26	"K|5|V"
2971	"Project Sagitarius Umbrella"	640,735	NA	0,1	0,19	NA	"M|3|V"
1849	"New Sapporo"	533,851	2971	0,4	0,5	0,06	"M|5|V"
1931	"Olafsvik"	297,219	4135	0,5	0,82	0,32	"K|5|V"
128	"Andarmax"	386,507	2784	0,1	0,56	0,05	"M|3|V"
78	"All Dawn"	484,442	4509	0,6	0,82	0,16	"K|2|V"
1652	"Medron"	439,319	2878	0,3	0,1	0,06	"M|5|V"
1851	"New Sarum"	482,102	2827	0,3	0,42	0,06	"M|2|V"
2662	"Vargtass"	523,983	3120	0,4	0,65	0,01	"M|4|V"
2568	"Torrence"	317,719	3626	0,4	0,59	0,04	"M|0|V"
215	"Australia"	419,99	3745	0,6	0,91	0,47	"K|7|V"
497	"Cavanaugh"	311,59	2551	0,3	0,58	0,01	"M|4|V"
1306	"Kaufermann"	418,118	2564	0,4	0,49	0,03	"M|6|V"
600	"Coriscana"	217,338	NA	0,8	0,86	0,37	"K|4|V"
2518	"Tetersen"	249,455	3101	0,3	0,14	0,07	"M|1|V"
2705	"Vosloorus"	323,699	2872	0,2	0,39	0,05	"M|3|V"
1966	"Oyevaina"	266,727	2512	0,2	0,2	0,02	"M|7|V"
1482	"Leskovik"	345,221	3171	0,3	0,35	0,02	"M|3|V"
2686	"Vihtijarvi"	383,541	3726	0,6	0,79	0,51	"K|2|V"
631	"Csomad"	517,606	2773	0,3	0,52	0,03	"M|2|V"
2279	"Senftenberg"	208,994	5314	1	1,08	1,2	"G|2|V"
2976	"Galicia"	1322,66	2772	0,3	0,52	0,02	"M|3|V"
2229	"Santana"	326,08	4891	0,5	0,79	0,34	"K|0|V"
286	"Beenleigh"	325,662	3798	0,7	0,8	0,51	"K|2|V"
620	"Crellacor"	477,107	4858	0,5	0,87	0,31	"K|2|V"
3052	"Heidrunn"	1897,849	4171	0,6	0,72	0,54	"K|5|V"
906	"Fugeres"	594,875	3912	0,5	0,94	0,29	"K|7|V"
2190	"Ruschegg"	365,791	3391	0,2	0,44	0,08	"M|2|V"
947	"Ghaziabad"	388,746	4038	0,6	0,86	0,51	"K|5|V"
1761	"Morrigan"	340,803	4211	0,6	0,76	0,5	"K|3|V"
2710	"Waini Point"	750,862	5135	0,6	0,75	0,48	"K|0|V"
1358	"Kirbyville"	509,729	NA	0,2	0,41	NA	"M|8|V"
2852	"Zwenkau"	233,922	2643	0,4	0,57	0,07	"M|4|V"
58	"Alcyone"	236,381	2607	0,2	0,6	0,02	"M|5|V"
1663	"Meinrad"	401,763	2504	0,3	0,42	0,02	"M|2|V"
2126	"Redfield"	254,73	2505	0,1	0,25	0,04	"M|5|V"
869	"Filtvelt"	538,182	2810	0,2	0,5	0,01	"M|3|V"
938	"Garrison"	207,811	3321	0,3	0,4	0,07	"M|2|V"
447	"Calseraigne"	367,76	3990	NA	0,7	0,17	"K|7|V"
1196	"Ingenstrem"	389,119	2932	0,2	0,22	0,01	"M|3|V"
1907	"Nukus"	320,607	5636	0,9	1,01	0,97	"G|2|V"
2983	"Bergen"	1067,64	2409	0,2	0,5	0,04	"M|3|V"
3106	"Beehive Cluster"	816,864	2560	0,2	0,52	0,05	"M|6|V"
1217	"Issaba"	485,388	2481	0,2	0,44	0,05	"M|8|V"
1461	"Last Chance"	503,18	2451	0,4	0,2	0,06	"M|1|V"
2617	"Ukunela"	295,225	2580	0,4	0,16	0,03	"M|3|V"
1179	"Ilion"	286,752	3026	NA	0,46	0,05	"M|3|V"
1049	"Handa"	308,644	5735	0,9	1,03	1,31	"G|2|V"
1719	"Mirach"	112,104	2457	0,2	0,46	0,02	"M|6|V"
2569	"Tortuga Prime"	704,53	4210	NA	0,71	0,26	"K|3|V"
813	"Epsilon Eridani"	28,075	3736	0,5	0,91	0,55	"K|7|V"
946	"Gettorf"	577,169	2669	0,4	0,47	0,05	"M|3|V"
2343	"Sindalin"	354,593	2748	0,2	0,57	0,02	"M|4|V"
1846	"New Roland"	401,342	2402	0,3	0,69	0,05	"M|5|V"
745	"Drusibacken"	174,619	2759	0,4	0,07	0,02	"M|5|V"
1865	"Ngake"	263,991	3490	0,1	0,4	0,05	"M|1|V"
1569	"Malacca"	516,353	5277	1	1,09	1,29	"G|4|V"
1113	"Hinckley"	463,02	2617	0,4	0,32	0,04	"M|1|V"
1959	"Ouagadougou"	467,298	2702	0,2	0,55	0,04	"M|6|V"
2129	"Regulus"	235,654	3901	0,7	0,92	0,47	"K|3|V"
1659	"Megrez"	215,34	2419	0,2	0,3	0,06	"M|3|V"
552	"Choudrant"	340,676	2869	0,4	0,13	0,02	"M|5|V"
772	"Edwards"	135,992	2989	0,2	0,64	0,02	"M|3|V"
2855	"Fasa"	1632,008	4022	0,5	0,92	0,12	"K|6|V"
2296	"Shaul Khala"	256,784	5123	0,5	0,93	0,26	"K|0|V"
2693	"Vipaava"	375,662	3321	0,4	0,42	0,03	"M|0|V"
2445	"Svalstad"	525,709	2537	0,1	0,54	0,05	"M|5|V"
1860	"New Westin"	244,992	4677	0,5	0,73	0,5	"K|0|V"
2549	"Timkovichi"	315,97	3139	0,2	0,21	0,03	"M|3|V"
986	"Goubellat"	388,164	4010	0,7	0,73	0,56	"K|7|V"
725	"Dnepropetrovsk"	343,619	3219	0,2	0,31	0,05	"M|2|V"
1237	"Jarett"	427,535	4812	0,6	0,84	NA	"K|2|V"
1582	"Mandaoaaru"	433,144	2444	0,3	0,15	0,05	"M|1|V"
828	"Euclid"	356,529	3718	0,7	0,8	0,54	"K|6|V"
934	"Gangtok"	491,293	2464	0,1	0,25	0,03	"M|7|V"
141	"Ankolika"	310,039	3096	0,1	0,6	0,05	"M|0|V"
2103	"Raballa"	159,227	3074	0,4	0,59	0,02	"M|2|V"
1956	"Otho"	192,944	2898	0,2	0,66	0,07	"M|2|V"
572	"Colchester"	305,568	3848	0,7	0,84	0,49	"K|7|V"
1954	"Osset"	512,002	5677	1	1,14	1,24	"G|2|V"
820	"Eschenberg"	235,12	2447	0,2	0,33	0,02	"M|1|V"
6	"Abbeville"	607,212	4177	0,8	0,8	0,5	"K|3|V"
2395	"Staffin"	207,096	5613	1	1,13	0,78	"G|4|V"
875	"Firenze"	423,608	4791	0,5	0,9	0,29	"K|2|V"
917	"Galatea"	63,663	4716	0,6	0,94	0,23	"K|2|V"
591	"Cooperland"	626,985	4128	0,8	0,85	0,15	"K|5|V"
1704	"Milligan's World"	500,23	3998	0,7	0,77	0,23	"K|0|V"
2403	"Steeles"	324,294	5244	0,9	1,15	0,95	"G|4|V"
535	"Chesterton"	135,698	3970	0,7	0,89	0,47	"K|5|V"
2362	"Smolensk"	220,579	2614	0,2	0,47	0,06	"M|2|V"
461	"Canonbie"	139,28	NA	0,5	0,88	0,41	"K|5|V"
711	"Dicon"	325,864	2918	0,4	0,66	0,05	"M|5|V"
2081	"Pusht-i-rud"	510,364	2556	0,3	0,57	0,02	"M|5|V"
2270	"Second Try"	120,802	2660	0,2	0,36	0,08	"M|6|V"
149	"Antipolo"	285,096	3105	0,3	0,3	0,06	"M|2|V"
265	"Baryshevo"	422,225	3112	0,4	0,17	0,03	"M|1|V"
629	"Cryfder"	517,129	2723	0,4	0,46	0,04	"M|3|V"
621	"Cresson"	554,06	3240	0,3	0,11	0,05	"M|2|V"
1090	"Helm"	145,742	2561	0,3	0,11	0,06	"M|7|V"
2647	"Valentina"	422,267	2401	0,1	0,42	0,08	"M|2|V"
2146	"Revel"	463,268	2937	0,2	0,18	0,02	"M|3|V"
2835	"Zetang"	725,84	5309	0,9	0,97	1,11	"G|4|V"
2489	"Tapihue"	347,815	2844	0,1	0,49	0,06	"M|3|V"
1695	"Micanos"	680,078	2456	0,2	0,49	0,05	"M|3|V"
2256	"Scheat"	173,645	3775	0,5	0,74	0,18	"K|5|V"
2165	"Rockland"	445,231	3801	0,7	0,83	0,43	"K|6|V"
1641	"McComb"	229,639	4369	0,6	0,87	0,1	"K|3|V"
472	"Carcassonne"	380,813	3011	0,3	0,24	0,01	"M|1|V"
436	"Caldarium"	502,778	4686	0,7	0,79	0,2	"K|2|V"
2132	"Reisling's Planet"	193,365	4540	0,6	0,71	0,33	"K|2|V"
376	"Boulsi"	800,983	3705	0,6	0,79	0,24	"K|7|V"
646	"Dagda"	247,737	2662	0,3	0,67	0,08	"M|4|V"
2884	"Belle Isle"	634,303	2472	0,4	0,69	0,07	"M|8|V"
719	"Dindatari"	466,713	2414	0,3	0,38	0,06	"M|4|V"
2615	"Ugland"	567,986	2951	0,2	0,11	0,02	"M|4|V"
2897	"Dormandaine"	473,168	3244	0,4	0,12	0,07	"M|0|V"
949	"Giausar"	209,521	2524	0,2	0,13	0,05	"M|8|V"
442	"Calish"	484,63	3849	0,7	0,71	0,46	"K|5|V"
1742	"Mondra"	513,011	2413	0,4	0,59	0,05	"M|8|V"
924	"Gallis"	418,188	NA	0,3	0,36	0,05	"M|3|V"
2609	"Tybalt"	92,25	2780	0,4	0,56	0,04	"M|5|V"
1139	"Hot Springs"	405,421	3406	0,3	0,22	0,02	"M|1|V"
2713	"Waldheim"	369,385	2418	0,1	0,47	0,07	"M|7|V"
905	"Fuentes"	162,61	2688	0,3	0,34	0,05	"M|6|V"
627	"Crossing"	257,684	4505	0,8	0,8	0,5	"K|3|V"
2958	"Roche"	1871,166	2516	0,4	0,13	0,03	"M|8|V"
2250	"Savannah"	92,246	2606	0,2	0,25	0,06	"M|4|V"
3104	"Thasos"	970,102	2842	0,3	0,63	0,08	"M|4|V"
1732	"Mizunami"	416,294	2516	0,4	0,1	0,01	"M|5|V"
916	"Gahral"	213,84	NA	0,4	0,35	0,06	"M|3|V"
2892	"Colchis"	676,871	2764	0,3	0,22	0,05	"M|5|V"
657	"Daneshmand"	194,869	2620	0,4	0,14	0,07	"M|1|V"
2671	"Ventabren"	123,392	3715	0,7	0,89	0,37	"K|5|V"
2171	"Romita"	434,714	2787	0,4	0,31	0,01	"M|2|V"
1405	"Koulen"	436,717	2982	0,4	0,58	0,08	"M|1|V"
678	"Delacambre"	539,73	2438	0,4	0,61	NA	"M|2|V"
676	"Dehgolan"	199,071	2486	0,4	0,45	0,04	"M|3|V"
2571	"Totness"	686,633	4101	0,6	0,77	0,4	"K|3|V"
418	"Burnt Rock"	380,265	2610	0,3	0,29	0,08	"M|7|V"
2237	"Saravan"	331,428	2636	0,3	0,64	0,04	"M|5|V"
2809	"Zacatecoluca"	443,085	2646	0,2	0,56	0,07	"M|3|V"
1790	"Nai-Stohl"	72,411	2495	0,2	0,54	0,07	"M|3|V"
1478	"Leoben"	407,373	4487	0,6	0,75	0,19	"K|3|V"
1183	"Ilmachna"	108,502	2516	0,3	0,31	0,01	"M|2|V"
1646	"McRae"	559,604	3855	0,6	0,83	0,23	"K|5|V"
959	"Gitarama"	725,973	3145	0,2	0,18	0,07	"M|3|V"
1598	"Mao"	579,089	3074	0,3	0,52	0,02	"M|4|V"
2912	"McEvans' Sacrifice"	521,974	2782	0,3	0,07	0,03	"M|6|V"
2469	"Talitha"	48,665	2833	0,3	0,42	0,02	"M|5|V"
531	"Chenier"	582,044	3938	0,5	0,88	0,15	"K|5|V"
2361	"Smithon"	450,783	2872	0,3	0,43	0,04	"M|4|V"
960	"Giverny"	628,863	2587	0,1	0,36	0,06	"M|7|V"
2248	"Saumur"	384,058	2826	0,4	0,07	0,07	"M|6|V"
1264	"Jouques"	238,909	2712	0,3	0,09	0,07	"M|2|V"
2731	"Wazan"	140,817	5552	NA	0,97	1,23	"G|2|V"
1728	"Miyako"	341,695	2436	0,4	0,54	0,06	"M|8|V"
3091	"Star Cluster 65"	998,686	4972	0,6	0,91	0,53	"K|0|V"
1421	"Kumqwat"	307,86	2731	0,3	0,38	0,02	"M|5|V"
2869	"Lordinax"	500,631	3150	0,3	0,14	0,02	"M|2|V"
1492	"Lindenmarle"	436,198	3753	0,6	0,83	0,47	"K|5|V"
2826	"Zebebelgenubi"	70,604	2455	0,4	0,28	0,02	"M|3|V"
999	"Great Gorge"	560,312	2922	0,4	0,17	0,03	"M|4|V"
2526	"Tharkad"	261,541	2525	0,4	0,13	0,04	"M|8|V"
255	"Banori"	509,596	2757	0,4	0,13	0,03	"M|5|V"
367	"Borden"	374,284	4993	0,6	0,72	0,47	"K|0|V"
1818	"New Britain"	47,967	3530	0,1	0,14	0,04	"M|1|V"
771	"Edmondson"	353,987	2727	0,2	0,49	0,05	"M|2|V"
1910	"Numki"	206,969	3797	0,6	0,9	0,11	"K|2|V"
2689	"Viluisk"	557,1	2875	0,4	0,36	0,06	"M|4|V"
47	"Akfata"	420,516	3123	0,3	0,32	0,07	"M|1|V"
3121	"Rim Worlds Republic Outpost #11"	1635,14	4452	0,7	0,85	0,55	"K|3|V"
2284	"Setubal"	241,592	NA	0,2	0,27	0,05	"M|3|V"
2930	"Babylon"	1605,647	2639	0,2	0,47	0,02	"M|2|V"
1989	"Parma"	363,588	4187	0,6	0,72	0,47	"K|3|V"
50	"Al Jubaylah"	336,451	2581	0,4	0,23	0,04	"M|6|V"
2053	"Port Moseby"	160,257	2713	0,4	0,1	0,08	"M|5|V"
698	"Detroit"	452,956	4195	0,6	0,91	0,15	"K|3|V"
1699	"Midkiff"	227,922	3387	0,3	0,68	0,05	"M|2|V"
578	"Colmar"	306,523	2423	0,2	0,28	0,04	"M|6|V"
958	"Girondas"	448,547	5712	0,8	1	0,69	"G|2|V"
1509	"Logres"	363,213	2795	0,1	0,2	0,02	"M|2|V"
1978	"Panjang"	348,831	2803	0,3	0,26	0,07	"M|5|V"
953	"Gienah"	183,531	3053	0,2	0,09	NA	"M|3|V"
2373	"Somerset"	454,587	2926	0,3	0,25	0,05	"M|2|V"
2601	"Turin"	368,468	3262	0,3	0,3	0,03	"M|3|V"
1671	"Memphis"	579,783	3213	0,4	0,38	0,01	"M|1|V"
692	"Derby"	560,73	4361	0,5	0,95	0,28	"K|5|V"
2600	"Tukayyid"	210,467	4144	0,5	0,94	0,33	"K|5|V"
236	"Badlands Cluster"	550,426	2966	0,4	0,26	0,06	"M|2|V"
2960	"Sheridan"	1798,647	2840	0,1	0,47	0,08	"M|3|V"
2791	"Yamoussoukra"	508,624	4443	0,6	0,78	0,29	"K|3|V"
2127	"Redondo"	502,369	2914	NA	0,43	0,01	"M|5|V"
2567	"Tormentine"	412,22	4344	0,5	0,72	0,29	"K|5|V"
1057	"Harminous"	481,747	NA	0,3	0,53	0,02	"M|1|V"
2351	"Skepptana"	563,286	2451	0,3	0,08	0,01	"M|5|V"
3073	"Shahhat"	982,806	2934	0,2	0,27	0,04	"M|5|V"
218	"Avellaneda"	100,437	2662	0,4	0,48	0,08	"M|4|V"
2288	"Sevren"	316,388	3805	0,8	0,84	0,48	"K|3|V"
988	"Graceland"	265,811	3878	0,7	0,86	0,18	"K|3|V"
1083	"Helen"	58,324	4516	0,7	0,85	0,17	"K|0|V"
733	"Doneval"	198,973	4193	0,5	0,92	0,09	"K|2|V"
112	"Ambatomainty"	722,916	3315	0,2	0,31	0,08	"M|1|V"
500	"Cebalrai"	119,666	3887	0,8	0,87	0,24	"K|6|V"
2703	"Vortalcoy"	491,941	3303	0,3	0,48	0,02	"M|2|V"
2648	"Valexa"	143,133	4269	0,8	0,7	0,09	"K|5|V"
1473	"Leganes"	178,124	NA	0,3	0,55	0,05	"M|2|V"
3005	"Stralsund"	983,017	3810	0,6	0,74	0,37	"K|7|V"
854	"Fathepur"	358,295	2876	0,4	0,62	0,05	"M|2|V"
1618	"Marsalle"	334,917	NA	0,4	0,1	0,06	"M|5|V"
759	"Duxfort"	405,632	3255	0,4	0,42	0,06	"M|2|V"
2227	"Sanilac"	158,705	2501	0,2	0,34	0,04	"M|5|V"
2358	"Slewis"	522,372	3367	0,2	0,18	0,08	"M|2|V"
3054	"Joradian Cluster"	1872,535	NA	0,2	0,39	0,07	"M|2|V"
2659	"Vanra"	170,201	2422	0,4	0,61	0,02	"M|4|V"
839	"Fagerholm"	372,14	4204	0,6	0,92	0,12	"K|3|V"
2581	"Trentham"	462,809	2683	0,2	0,53	0,03	"M|3|V"
588	"Conroe"	388,068	2770	0,3	0,58	0,01	"M|2|V"
1912	"Nunivak"	373,058	5349	1	1,05	0,98	"G|2|V"
1443	"Laconis"	421,364	3787	0,7	0,75	0,22	"K|1|V"
2329	"Sidon"	500,214	3217	0,4	0,55	0,03	"M|3|V"
1302	"Kathil"	226,802	2640	0,3	0,11	0,06	"M|1|V"
2819	"Zaprudy"	333,228	2755	0,1	0,7	0,04	"M|6|V"
2755	"Wildwood"	490,889	2601	0,4	0,09	0,04	"M|1|V"
1875	"Niops"	457,325	4107	0,8	0,87	0,43	"K|5|V"
1081	"Helbrent"	427,121	2688	0,2	0,27	0,08	"M|0|V"
997	"Gravensteen"	257,231	2420	0,1	0,13	0,08	"M|2|V"
758	"Duxford"	569,698	2606	NA	0,3	0,05	"M|5|V"
1212	"Isabela"	363,563	5727	0,9	1,1	0,92	"G|2|V"
1526	"Loysville"	433,08	4680	0,6	0,71	0,51	"K|2|V"
1226	"Jabuka"	221,254	2428	0,3	0,53	0,05	"M|4|V"
1239	"Jászberény"	177,276	2699	0,1	0,44	0,02	"M|3|V"
750	"Dumaring"	237,057	2408	0,3	0,23	0,06	"M|2|V"
1315	"Kaznejoy"	355,14	2830	0,4	0,4	0,04	"M|1|V"
2275	"Semenyih"	177,932	2818	0,4	0,67	0,07	"M|5|V"
243	"Balkan"	91,155	4186	0,8	0,87	0,57	"K|5|V"
2327	"Sian"	229,773	3207	0,1	0,63	0,05	"M|3|V"
2646	"Valdives"	384,506	3975	0,7	0,95	0,54	"K|3|V"
519	"Chanute"	464,329	2544	0,4	0,19	0,03	"M|3|V"
1246	"Jeppens"	600,4	3108	0,3	0,47	0,01	"M|0|V"
2702	"Vorarlberg"	304,652	2593	0,4	0,38	0,07	"M|3|V"
10	"Aboukir"	509,023	3393	0,2	0,36	0,06	"M|2|V"
2669	"Venaria"	404,873	3943	0,8	0,87	0,44	"K|6|V"
2231	"Sanurcha"	372,867	2734	0,1	0,63	0,07	"M|5|V"
32	"Adler"	261,699	4000	0,6	0,84	0,36	"K|7|V"
766	"Ebensburg"	383,58	2958	0,4	0,08	0,07	"M|2|V"
1115	"Hiratsuka"	361,977	3025	0,2	0,44	NA	"M|3|V"
1778	"Muscida"	229,603	2423	0,4	0,48	0,04	"M|7|V"
1689	"Merton"	411,152	2814	0,3	0,66	0,06	"M|3|V"
2722	"Warren"	443,414	2894	0,4	0,5	0,05	"M|3|V"
3013	"Idrmach"	607,78	2820	0,4	0,27	0,01	"M|2|V"
3033	"Star Cluster P24"	1572,035	4134	0,7	0,88	0,14	"K|3|V"
140	"Ankaa"	75,281	2533	0,4	0,34	0,04	"M|7|V"
1949	"Orkney"	239,9	2508	0,4	0,23	0,01	"M|8|V"
2675	"Vereeniging"	448,35	4008	0,5	0,85	0,51	"K|7|V"
590	"Conwy"	105,446	4799	0,8	0,93	0,35	"K|2|V"
87	"Alpha Eridani"	83,787	5412	0,8	1,09	0,64	"G|2|V"
3092	"Star Cluster Briceno 1"	1430,335	2764	0,4	0,58	0,02	"M|1|V"
3122	"Saggina"	2093,491	5356	0,8	1,04	0,79	"G|5|V"
2550	"Tinaca"	282,675	2956	0,3	0,6	0,01	"M|5|V"
1016	"Guatavita"	372,438	NA	0,7	0,8	0,5	"K|3|V"
2895	"Davetal"	522,975	NA	0,8	0,71	0,08	"K|4|V"
2232	"Sanurcha"	482,897	3031	0,2	0,35	0,01	"M|4|V"
2775	"Worrell"	372,553	3970	0,6	0,93	0,32	"K|5|V"
437	"Caldrea"	196,249	2696	0,4	0,29	0,06	"M|2|V"
3049	"Dorian's Tears"	1201,703	2973	0,1	0,07	0,03	"M|1|V"
2076	"Proserpina"	161,889	2493	0,4	0,57	0,08	"M|3|V"
2509	"Tellman"	546,04	3716	0,7	0,82	0,32	"K|2|V"
1869	"Nihal"	313,861	2540	0,2	0,15	0,03	"M|1|V"
1213	"Isesaki"	338,17	4189	0,7	0,78	0,25	"K|5|V"
779	"Ejeda"	747,661	2908	0,2	0,27	0,03	"M|3|V"
2261	"Schirmeck"	399,065	4084	0,7	0,95	0,23	"K|5|V"
3101	"Karpathos"	984,419	2467	0,4	0,53	0,08	"M|4|V"
123	"Anaea"	182,557	2794	0,4	0,4	0,07	"M|1|V"
1799	"Naryn"	363,063	2545	0,3	0,38	0,03	"M|6|V"
717	"Dijonne"	537,835	2987	0,1	0,43	0,05	"M|3|V"
2331	"Sierra"	426,148	2403	0,2	0,57	0,02	"M|7|V"
596	"Cordiagr"	192,582	2406	0,4	0,62	0,01	"M|3|V"
2552	"Tirabad"	516,701	3090	0,3	0,29	0,04	"M|1|V"
2055	"Portland"	516,729	3813	0,5	0,89	0,38	"K|2|V"
1793	"Nakaojo"	340,653	4049	0,8	0,77	0,32	"K|3|V"
1971	"Palladaine"	287,995	2886	0,1	0,28	0,02	"M|1|V"
233	"Bacum"	329,193	2570	0,2	0,6	0,04	"M|6|V"
1058	"Harmony"	221,752	2423	0,4	0,26	0,05	"M|6|V"
3156	"Highwater"	498,678	3231	0,2	0,26	0,04	"M|2|V"
202	"Atreus"	251,654	5460	1	1,05	1,25	"G|4|V"
1747	"Montcoal"	299,652	2530	0,4	0,18	0,02	"M|1|V"
561	"Circinus"	394,259	2819	0,2	0,65	0,01	"M|4|V"
2963	"Tamaron"	1856,995	3944	0,5	0,8	0,41	"K|0|V"
3157	"Nuncavoy"	448,099	2819	0,1	0,5	0,01	"M|5|V"
1479	"Lepaterique"	410,386	2489	0,4	0,5	0,05	"M|6|V"
896	"Fortymile"	288,82	2440	0,4	0,44	0,02	"M|7|V"
45	"Aitutaki"	234,196	5246	1	1,01	1,12	"G|2|V"
2093	"Quentin"	47,634	5549	1	0,99	0,81	"G|2|V"
1600	"Marantha"	444,821	3983	0,7	0,76	0,41	"K|7|V"
2513	"Teng"	300,501	2646	0,2	0,67	0,03	"M|5|V"
1487	"Lhasa"	188,792	NA	0,1	0,19	NA	"M|0|V"
489	"Caselton"	119,999	5421	0,8	1,05	1,36	"G|2|V"
2074	"Promised Land"	312,796	4588	0,7	0,88	0,34	"K|2|V"
398	"Broaddus"	468,359	2580	0,2	0,5	0,02	"M|3|V"
1391	"Kolovraty"	443,485	2710	0,1	0,68	0,01	"M|5|V"
175	"Arlanda"	484,991	5442	NA	0,99	1,31	"G|4|V"
992	"Grand Base"	302,397	2681	0,1	0,64	0,04	"M|6|V"
549	"Cholame"	204,807	2928	0,2	0,42	0,06	"M|2|V"
538	"Chichibu"	117,458	4313	0,5	0,77	0,12	"K|5|V"
2676	"Verlo"	319,287	5346	1	1,04	0,61	"G|2|V"
980	"Gorfynt"	541,875	2777	0,2	0,24	0,06	"M|5|V"
167	"Arcturus"	191,109	2845	0,4	0,22	0,02	"M|1|V"
120	"Ammon"	659,668	2407	0,2	0,19	0,06	"M|0|V"
2700	"Volders"	292,777	3115	0,2	0,18	0,01	"M|2|V"
1507	"Logandale"	147,645	2426	0,2	0,15	0,02	"M|5|V"
2114	"Ramgarh"	451,79	3046	0,4	0,34	0,05	"M|2|V"
3030	"St. Jean"	1163,98	3884	0,5	0,7	0,24	"K|4|V"
903	"Frondas"	248,377	3093	0,1	0,17	0,03	"M|3|V"
2315	"Shipka"	136,617	5328	NA	1,04	1,08	"G|2|V"
16	"Accrington"	145,319	5461	0,8	1,01	0,8	"G|5|V"
2760	"Windhoek"	563,6	5323	0,8	1,03	NA	"G|2|V"
348	"Blueys"	670,64	2425	0,3	0,07	0,04	"M|8|V"
1752	"Monywa"	438,588	2678	0,3	0,53	0,06	"M|1|V"
1891	"Norman's World"	483,994	2603	NA	0,34	0,03	"M|1|V"
1291	"Kanowit"	256,791	2518	0,4	0,16	0,05	"M|6|V"
1585	"Mandeville"	727,345	2500	NA	0,26	0,03	"M|3|V"
2655	"Vandalia"	482,258	4009	0,6	0,76	0,54	"K|3|V"
2243	"Sarna"	164,359	5435	0,9	1,14	0,76	"G|5|V"
2025	"Pierce"	462,658	2628	0,4	0,25	0,02	"M|7|V"
801	"Emris"	173,88	2465	0,4	0,5	0,03	"M|5|V"
2024	"Piedmont"	111,134	2554	0,4	0,18	0,02	"M|6|V"
1800	"Nashira"	58,302	5343	0,9	1,04	0,82	"G|5|V"
2444	"Suzano"	115,08	4217	0,8	0,78	0,56	"K|5|V"
1422	"Kupang"	278,422	3139	0,2	0,63	0,07	"M|2|V"
835	"Ewanrigg"	438,255	2801	0,3	0,09	0,06	"M|2|V"
290	"Belaire"	432,578	3998	NA	0,94	0,15	"K|7|V"
2015	"Perrot"	271,523	2636	0,3	0,24	0,07	"M|3|V"
1272	"Kabah"	423,636	4009	0,5	0,72	0,16	"K|3|V"
1975	"Palos"	134,632	2468	0,2	0,65	0,02	"M|3|V"
2360	"Small World"	52,168	2607	0,4	0,65	0,04	"M|3|V"
842	"Faleolo"	274,904	4313	0,6	0,73	0,15	"K|2|V"
755	"Durabon"	522,547	2802	0,2	0,14	0,08	"M|4|V"
2240	"Sarikavak"	425,824	4262	0,6	0,77	0,57	"K|5|V"
1120	"Hódmezovásárhely"	240,135	2664	0,4	0,5	0,05	"M|6|V"
3085	"Rim Worlds Republic Outpost #4"	1773,572	3189	0,3	0,3	0,03	"M|2|V"
2467	"Talcott"	235,078	4486	0,8	0,73	0,14	"K|2|V"
2546	"Timbiqui"	338,95	5232	1	1,05	1,06	"G|2|V"
2631	"Untran"	423,854	3866	0,5	0,72	0,12	"K|5|V"
1581	"Mandal"	56,662	2456	0,4	0,54	0,04	"M|8|V"
2587	"Trolloc Prime"	174,345	4988	0,8	0,74	0,42	"K|0|V"
1236	"Jardine"	220,671	3780	0,7	0,93	0,59	"K|2|V"
3037	"Transfer Station J239H2"	635,105	2460	0,1	0,23	0,04	"M|4|V"
2726	"Watermael"	356,312	2561	0,4	0,23	0,07	"M|4|V"
3171	"Holdout"	1279,745	3395	0,4	0,23	0,03	"M|2|V"
1273	"Kaesong"	302,651	5225	0,9	0,99	NA	"G|4|V"
1138	"Hortense"	508,989	4397	0,6	0,95	0,34	"K|2|V"
328	"Binyang"	371,027	5770	1	1,05	1,16	"G|2|V"
2925	"The Rock"	507,196	2612	0,3	0,2	0,06	"M|1|V"
582	"Commonwealth Mining Outpost 26"	366,003	3187	0,2	0,3	NA	"M|1|V"
712	"Die Moot"	415,323	5298	0,8	1,03	0,74	"G|2|V"
1995	"Pattison"	590,181	2686	0,1	0,43	0,02	"M|5|V"
1531	"Luderitz"	626,416	2555	0,3	0,26	0,08	"M|1|V"
43	"Aigle"	235,54	2492	0,1	0,21	0,02	"M|2|V"
2619	"Ulan Bator"	143,956	2551	0,4	0,54	0,03	"M|0|V"
2153	"Ridderkerk"	354,281	5455	0,8	1,13	0,74	"G|5|V"
342	"Blandou"	305,857	3163	0,1	0,35	0,05	"M|1|V"
1095	"Herbania"	480,47	2636	0,3	0,44	0,06	"M|2|V"
1647	"Meacham"	189,544	2562	0,4	0,41	0,04	"M|3|V"
648	"Dainmar Majoris"	488,176	2443	0,2	0,09	0,04	"M|2|V"
2592	"Tsamma"	450,196	3321	0,1	0,13	0,08	"M|1|V"
1412	"Krenice"	237,188	3784	0,6	0,92	0,3	"K|2|V"
1188	"Imbros"	34,14	3536	0,2	0,09	0,07	"M|0|V"
319	"Bex"	56,242	5812	0,9	1,06	1,05	"G|2|V"
965	"Glengarry"	108,729	2780	0,2	0,39	0,01	"M|3|V"
1089	"Hell's Paradise"	301,051	2659	0,4	0,12	0,03	"M|6|V"
1287	"Kanata"	322,531	5492	0,9	0,99	0,71	"G|2|V"
1158	"Huron"	323,203	2447	0,4	0,17	0,01	"M|2|V"
978	"Gomeisa"	136,272	3880	0,7	0,82	0,23	"K|2|V"
1110	"Hildaman"	192,933	3148	0,2	0,68	0,02	"M|1|V"
1813	"New Ålborg"	461,406	2718	0,2	0,11	0,03	"M|3|V"
907	"Fujidera"	238,152	3033	0,1	0,63	0,05	"M|4|V"
808	"Enkra"	427,704	2833	0,1	0,09	NA	"M|3|V"
2308	"Shiloh"	88,289	2421	0,2	0,43	0,04	"M|4|V"
1346	"Kievanur"	162,242	2509	0,3	0,51	0,04	"M|8|V"
2269	"Second Chance"	131,766	2577	0,1	0,57	0,05	"M|4|V"
2189	"Rukbat"	116,654	3873	0,7	0,96	0,35	"K|2|V"
2369	"Soilihull"	193,816	2443	0,4	0,68	0,08	"M|8|V"
3051	"Gurgaldar"	1413,278	2640	0,3	0,18	0,03	"M|6|V"
117	"Amiga"	185,564	4157	0,6	0,83	0,4	"K|6|V"
26	"Addicks"	71,442	3011	0,4	0,33	0,05	"M|4|V"
882	"Fletcher"	220,627	2886	0,3	0,43	0,06	"M|1|V"
2507	"Tedibyhr"	139,973	5670	0,9	1,12	0,63	"G|2|V"
420	"Bushmill"	329,372	2778	0,2	0,62	0,04	"M|5|V"
2023	"Philadelphia"	283,357	4347	0,6	0,89	0,58	"K|5|V"
669	"Dayr Khuna"	227,065	2400	0,4	0,32	0,04	"M|4|V"
285	"Beecher"	190,516	4042	0,6	0,94	0,13	"K|6|V"
606	"Corydon"	220,061	5249	1	1,01	1,19	"G|5|V"
275	"Battaraigi"	532,323	4634	0,6	0,73	0,33	"K|2|V"
1981	"Paracale"	237,535	2547	0,3	0,59	0,06	"M|3|V"
1381	"Ko"	47,487	3090	0,4	0,58	0,01	"M|4|V"
2079	"Pula"	354,679	2923	0,1	0,47	0,02	"M|2|V"
1191	"Inarcs"	448,404	2867	0,3	0,55	0,07	"M|3|V"
1998	"Paulus Prime"	485,685	2930	0,4	0,38	0,06	"M|3|V"
1253	"Jilin"	115,103	4012	0,5	0,74	0,3	"K|5|V"
1906	"Nuelson Minor"	386,094	4051	0,6	0,77	0,14	"K|0|V"
2454	"Sylvester"	381,048	3714	0,7	0,94	0,59	"K|3|V"
2464	"Taga"	225,653	3240	0,3	0,39	0,04	"M|3|V"
1062	"Hartshill"	520,448	4300	0,6	0,74	0,37	"K|5|V"
2065	"Preston"	214,442	5681	0,8	1,06	1,46	"G|2|V"
3127	"Moroney"	517,095	3717	0,5	0,94	0,45	"K|5|V"
415	"Budingen"	415,219	2503	0,3	0,46	NA	"M|5|V"
480	"Carmichael"	402,052	2905	0,3	0,11	0,02	"M|5|V"
2854	"EC821-387D"	1744,888	3868	0,6	0,93	0,5	"K|7|V"
3118	"Mizdargh"	1397,117	3390	0,3	0,49	0,08	"M|0|V"
2604	"Turko"	248,574	2889	0,3	0,32	0,01	"M|5|V"
2007	"Pencader"	354,437	3213	0,1	0,36	0,08	"M|3|V"
2687	"Vikindu"	289,802	2682	0,2	0,38	0,02	"M|7|V"
161	"Aquavita"	302,529	2987	0,2	0,51	0,02	"M|3|V"
1261	"Jorvikland"	372,77	5662	1	1,12	1,13	"G|2|V"
2660	"Vantaa"	358,933	5408	1	0,97	0,88	"G|4|V"
2562	"Toland"	446,647	5441	0,9	1	0,89	"G|4|V"
310	"Bessarabia"	277,985	4084	0,7	0,74	0,53	"K|5|V"
2021	"Phecda"	74,468	2715	0,4	0,19	0,03	"M|2|V"
838	"Fadiffolu"	343,874	3147	0,1	0,58	0,04	"M|3|V"
468	"Capra"	356,451	2541	0,2	0,36	0,05	"M|3|V"
2885	"Blackbone"	499,083	2614	NA	0,27	0,02	"M|3|V"
1493	"Lindsay"	406,414	3853	0,6	0,89	0,44	"K|6|V"
1599	"Mara"	122,062	3817	0,5	0,89	0,19	"K|2|V"
1276	"Kaguyak"	379,567	3056	0,3	0,3	0,02	"M|3|V"
1859	"New Wessex"	114,107	2932	0,2	0,35	0,05	"M|5|V"
1169	"Ichmandu"	531,714	5262	0,9	1,02	1,36	"G|2|V"
2235	"Sappho"	247,99	5685	1	1,12	1,26	"G|2|V"
2667	"Vega"	106,677	2543	0,2	0,58	0,07	"M|2|V"
76	"Alkes"	118,845	2618	0,3	0,25	0,02	"M|5|V"
1008	"Grootfontein"	143,209	2601	0,3	0,26	0,04	"M|4|V"
3136	"Hofn"	810,982	3238	0,4	0,35	0,05	"M|0|V"
3119	"Nebula D77"	1947,238	2889	0,4	0,28	0,08	"M|3|V"
3103	"New Delphi"	993,684	2542	0,2	0,69	0,03	"M|8|V"
1874	"Niomede"	349,524	4628	0,6	0,87	0,21	"K|0|V"
2215	"Salem"	262,141	3253	0,1	0,22	0,04	"M|1|V"
1256	"Johnson"	588,568	3354	0,3	0,24	0,06	"M|2|V"
3064	"Union of Samoyedic Colonies"	897	NA	0,3	0,47	0,04	"M|1|V"
1417	"Krung Thep"	438,224	3178	0,3	0,65	0,03	"M|2|V"
2783	"Wypoute"	498,894	2419	0,4	0,09	0,04	"M|1|V"
645	"Dabih"	102,806	3829	0,8	0,93	0,33	"K|7|V"
1065	"Hassi R'mel"	401,407	3134	0,2	0,38	NA	"M|0|V"
877	"Fjaldr"	414,097	3041	0,4	0,25	0,07	"M|3|V"
915	"Gaeri"	701,31	2759	0,4	0,69	0,02	"M|5|V"
2608	"Twycross"	380,978	NA	0,4	0,49	0,05	"M|1|V"
188	"Asellus Australis"	151,527	3750	0,7	0,76	0,5	"K|7|V"
3047	"Caesar's Crown"	665,716	3794	0,8	0,87	0,31	"K|2|V"
2265	"Schwartz"	461,704	2711	0,4	0,64	0,04	"M|1|V"
330	"Birmensdorf"	469,209	2785	0,4	0,45	0,05	"M|4|V"
2252	"Savonburg"	498,346	5751	1	0,99	0,68	"G|2|V"
1211	"Irurzun"	210,953	2411	0,2	0,53	0,08	"M|5|V"
2602	"Turinge"	187,538	3727	0,7	0,91	0,32	"K|5|V"
2873	"New St. Andrews"	524,267	3827	0,6	0,93	0,38	"K|2|V"
157	"Apostica"	166,39	3196	0,2	0,5	0,08	"M|3|V"
493	"Castrovia"	252,965	2759	0,2	0,27	0,06	"M|3|V"
2420	"Stratford"	527,715	3233	0,1	0,62	0,05	"M|3|V"
2626	"Umijiri"	163,281	3767	NA	0,82	0,56	"K|7|V"
1370	"Kitzingen"	228,012	2664	0,4	0,4	0,02	"M|2|V"
1707	"Milnerton"	247,629	4088	0,6	0,76	0,09	"K|2|V"
2815	"Zanderij"	319,656	4237	0,6	0,78	0,38	"K|3|V"
1608	"Marielund"	557,72	2926	0,4	0,36	0,05	"M|4|V"
77	"Alktral"	766,482	2917	0,4	0,07	0,05	"M|2|V"
2805	"Yufu"	260,864	2885	0,2	0,35	0,05	"M|2|V"
1627	"Matsuida"	306,882	2811	0,2	0,26	0,08	"M|5|V"
2470	"Tall Trees"	66,747	3403	0,2	0,47	0,03	"M|1|V"
570	"Cohagen"	488,414	3304	0,4	0,54	0,05	"M|0|V"
724	"Dneiper"	525,276	2418	0,3	0,68	0,07	"M|8|V"
1938	"Olindo"	519,3	3890	0,6	0,77	0,27	"K|2|V"
1230	"Jaipur"	330,667	2513	0,2	0,61	0,07	"M|4|V"
1277	"Kaifeng"	168,386	3362	0,1	0,65	0,05	"M|2|V"
288	"Beils"	245,582	2513	0,4	0,32	0,07	"M|0|V"
530	"Chengdu"	172,906	4496	0,6	0,78	0,41	"K|3|V"
885	"Florarda"	258,921	2509	0,3	0,66	0,06	"M|2|V"
245	"Ballentine"	237,533	2488	NA	0,6	0,08	"M|8|V"
2514	"Tengil"	318,66	2599	0,2	0,42	0,07	"M|2|V"
1165	"Ibarra"	311,713	4112	0,8	0,83	0,09	"K|6|V"
1523	"Lovinac"	391,369	5261	1	1,13	0,97	"G|2|V"
1936	"Oli"	203,745	5643	0,8	1,03	0,76	"G|2|V"
1218	"Itabaiana"	332,811	2766	0,2	0,53	0,06	"M|3|V"
726	"Dobson"	205,89	2518	0,3	0,41	NA	"M|5|V"
2233	"Saonara"	357,058	3055	0,3	0,28	0,01	"M|2|V"
1413	"Krievci"	320,018	2808	0,3	0,68	0,05	"M|4|V"
1071	"Hazelhurst"	553,938	3156	0,4	0,24	0,01	"M|2|V"
479	"Carmen"	266,01	2917	0,3	0,59	0,08	"M|5|V"
2186	"Rubigen"	219,982	2959	0,2	0,15	0,07	"M|5|V"
1894	"Northsun"	547,025	2489	0,4	0,45	0,02	"M|1|V"
2202	"Sadachbia"	88,221	5719	0,9	1,12	0,83	"G|2|V"
1750	"Montour"	479,145	4299	0,6	0,76	0,3	"K|5|V"
894	"Forkas"	264,966	2627	0,1	0,12	0,06	"M|1|V"
1680	"Merak"	134,73	2872	0,1	0,21	0,01	"M|2|V"
1444	"Lahti"	451,425	5411	0,8	1,02	1,22	"G|5|V"
2748	"Westerstede"	268,316	4404	0,7	0,72	0,46	"K|4|V"
694	"Des Arc"	503,544	3026	0,3	0,47	0,03	"M|2|V"
207	"Aubisson"	146,58	5314	1	1,13	1,08	"G|5|V"
1483	"Lesnovo"	413,148	4175	0,7	0,82	0,44	"K|5|V"
1340	"Khartoum"	427,96	2594	0,4	0,22	0,05	"M|6|V"
154	"Apinzel"	462,096	NA	0,3	0,52	0,04	"M|3|V"
1216	"Islamabad"	409,89	2601	0,3	0,65	0,02	"M|1|V"
2732	"Weatogue"	293,765	2913	0,1	0,55	0,06	"M|3|V"
1332	"Kern"	404,238	2865	0,4	0,09	0,05	"M|1|V"
346	"Blue Hole"	395,479	4626	0,6	0,72	0,13	"K|1|V"
624	"Crimond"	240,578	5806	0,9	1,03	1,36	"G|2|V"
658	"Daniels"	232,667	4681	0,8	0,89	0,28	"K|2|V"
2205	"Safe Port"	316,904	2652	0,2	0,69	0,02	"M|2|V"
794	"Ellsworth"	318,967	3393	0,4	0,51	0,04	"M|2|V"
2543	"Tiflis"	404,578	2425	0,3	0,23	0,02	"M|5|V"
954	"Gillfillan's Gold"	488,659	2687	0,2	0,24	0,07	"M|3|V"
1546	"Lyons"	45,047	4198	0,8	0,73	0,15	"K|2|V"
1105	"Hexare"	235,219	2729	0,1	0,47	0,01	"M|3|V"
271	"Bastian"	337,596	3160	0,3	0,19	0,02	"M|3|V"
2624	"Ulysses"	413,701	5423	0,9	1,07	0,85	"G|4|V"
2162	"Rochelle"	114,885	4475	0,8	0,85	0,45	"K|2|V"
2914	"Mirfak"	614,749	4251	0,6	0,89	0,47	"K|2|V"
2164	"Rochester"	226,969	5305	1	1,03	1,21	"G|2|V"
2460	"Szepes"	240,706	4164	0,5	0,81	0,46	"K|5|V"
2968	"Vinton"	1912,192	2929	0,1	0,19	0,08	"M|3|V"
3133	"Franmalin"	629,866	2990	0,4	0,47	0,05	"M|0|V"
2650	"Valladolid"	591,354	5306	0,9	0,97	0,71	"G|5|V"
1512	"Lonaconing"	454,76	3045	0,3	0,37	0,07	"M|3|V"
2610	"Tylarzka"	294,871	2739	0,3	0,52	0,06	"M|4|V"
260	"Barlow's End"	310,951	2530	0,4	0,45	0,02	"M|7|V"
2874	"New Venice"	556,301	2819	0,2	0,69	0,03	"M|3|V"
270	"Bassfield"	588,852	2554	0,2	0,57	0,02	"M|3|V"
928	"Gambarare"	447,755	2977	0,4	0,68	0,02	"M|3|V"
2291	"Shaobuon"	416,492	2516	0,2	0,69	0,04	"M|3|V"
1768	"Mualang"	282,634	2786	0,4	0,6	0,02	"M|4|V"
927	"Galuzzo"	251,434	5536	0,9	1,01	1,08	"G|5|V"
2843	"Zoetermeer"	339,662	3197	0,1	0,57	0,02	"M|3|V"
2847	"Zosma"	51,222	3753	0,7	0,92	0,36	"K|5|V"
2792	"Yanchep"	316,753	4618	0,5	0,9	0,29	"K|0|V"
3063	"The Eyes in the Dark"	982,065	3198	0,4	0,33	0,04	"M|3|V"
2696	"Viroflay"	596,98	3287	0,4	0,6	0,03	"M|1|V"
937	"Gardnaus"	345,161	3108	0,4	0,3	0,06	"M|0|V"
1070	"Hazeldean"	441,447	2583	0,1	0,24	0,05	"M|3|V"
2961	"Strana Mechty"	1768,104	4141	0,6	0,87	0,51	"K|6|V"
427	"Cadela"	578,645	2523	0,3	0,28	0,03	"M|3|V"
1334	"Kesai"	384,95	3202	0,1	0,43	0,04	"M|3|V"
2511	"Telos"	59,605	2431	0,4	0,51	0,04	"M|2|V"
1080	"Heiligendreuz"	277,852	2787	0,4	0,54	0,05	"M|6|V"
2950	"Kirin"	1837,467	3278	0,2	0,08	0,05	"M|1|V"
2441	"Susquehanna"	423,748	2724	0,4	0,19	0,05	"M|6|V"
27	"Adelaide"	402,691	2675	0,3	0,18	0,01	"M|6|V"
2522	"Teylingen"	434,567	2413	0,3	0,42	0,03	"M|2|V"
2117	"Ramsau"	222,518	3959	0,5	0,95	0,43	"K|3|V"
3025	"Kinbrace"	950,161	2927	0,4	0,08	0,03	"M|2|V"
936	"Ganshoren"	164,004	2525	0,4	0,26	0,07	"M|4|V"
2721	"Warlock"	284,393	3126	0,2	0,41	0,03	"M|2|V"
581	"Columbine"	353,98	2599	NA	0,54	0,07	"M|3|V"
1797	"Nara"	416,671	2483	0,3	0,44	0,08	"M|1|V"
354	"Bodnath"	303,338	4087	0,6	0,93	0,19	"K|6|V"
2865	"Islington"	532,028	2683	0,4	0,13	0,03	"M|5|V"
3074	"Tadjoura"	1010,802	5295	1	0,99	1,06	"G|5|V"
1828	"New Florence"	91,356	2451	0,1	0,3	0,04	"M|8|V"
2386	"Spirit"	251,914	5653	0,9	1,09	1,33	"G|2|V"
2035	"Pitkin"	498,656	3944	0,5	0,94	0,25	"K|1|V"
2245	"Sartu"	453,73	2976	0,3	0,46	0,03	"M|1|V"
968	"Glentworth"	341,741	4661	0,6	0,89	0,2	"K|3|V"
1731	"Mizt"	680,623	2607	0,3	0,35	0,07	"M|7|V"
147	"Antias"	386,847	4346	0,5	0,84	0,32	"K|2|V"
82	"Almach"	118,119	5521	1	1,15	1,23	"G|4|V"
2183	"Royal"	226,948	3967	0,7	0,91	0,45	"K|7|V"
2503	"Tazaraki"	319,649	4423	0,7	0,79	0,2	"K|2|V"
509	"Cerulean"	420,623	5514	1	1,13	1,32	"G|4|V"
2908	"Kettering"	457,193	3035	0,2	0,12	0,07	"M|3|V"
2203	"Sadalbari"	144,287	2799	0,4	0,64	0,05	"M|2|V"
2770	"Wolof"	337,413	3828	0,5	0,74	0,35	"K|7|V"
633	"Cumberland"	336,271	3010	0,1	0,55	0,03	"M|2|V"
2438	"Sunchon"	344,672	3832	0,8	0,82	0,49	"K|4|V"
957	"Gingeria"	565,302	2545	0,3	0,46	0,06	"M|7|V"
3172	"Khanquest"	1223,448	4295	0,7	0,7	0,3	"K|5|V"
695	"Deschenes"	310,081	2863	0,3	0,22	0,05	"M|2|V"
94	"Alshain"	284,884	4624	0,8	0,78	0,32	"K|3|V"
1937	"Oligar"	285,327	4120	0,6	0,85	0,18	"K|1|V"
517	"Champadanga"	438,825	2913	0,4	0,66	NA	"M|5|V"
961	"Givrodat"	554,982	3244	0,1	0,21	0,03	"M|2|V"
526	"Chatham"	308,745	2440	NA	0,69	0,07	"M|6|V"
2502	"Taygeta"	356,059	3901	0,7	0,74	0,15	"K|2|V"
1697	"Mickleover"	594,626	2454	0,1	0,66	0,04	"M|7|V"
449	"Camadeierre"	456,738	2646	0,2	0,45	0,01	"M|7|V"
301	"Benfled"	270,772	2942	0,2	0,43	0,03	"M|5|V"
496	"Cavalor"	392,55	2444	0,3	0,18	0,04	"M|2|V"
3067	"Kebili"	969,362	4269	0,7	0,85	0,18	"K|2|V"
2508	"Tegaldanas"	417,701	3046	0,3	0,5	0,01	"M|3|V"
101	"Alterf"	256,113	3804	0,8	0,82	NA	"K|1|V"
1636	"Mayetta"	405,366	2526	0,2	0,28	0,07	"M|4|V"
200	"Atlas"	290,432	2586	0,3	0,28	0,03	"M|4|V"
1769	"Multan"	490,436	3166	0,1	0,4	0,05	"M|2|V"
2494	"Tarol"	460,587	2871	0,2	0,1	0,06	"M|2|V"
485	"Carstairs"	159,166	3736	0,6	0,7	0,46	"K|7|V"
2975	"Córdoba"	1343,139	2972	0,3	0,24	0,03	"M|1|V"
2922	"Siendou"	313,183	5470	0,9	1,06	1,15	"G|4|V"
2442	"Susulatna"	357,089	4552	0,6	0,82	0,19	"K|3|V"
169	"Ares"	198,423	3868	0,6	0,94	0,23	"K|7|V"
807	"Enkoping"	171,594	2717	0,1	0,43	0,07	"M|2|V"
424	"Bye's Ship"	553,795	3936	0,7	0,83	0,37	"K|6|V"
2576	"Traussin"	479,612	2701	0,3	0,55	0,06	"M|5|V"
2048	"Pollux"	35,173	5539	1	1,12	1,49	"G|4|V"
1917	"Obrenovac"	384,352	2565	0,3	0,3	0,04	"M|3|V"
185	"Arundel"	607,453	2887	0,2	0,55	0,03	"M|2|V"
1389	"Köln"	215,022	4053	NA	0,79	0,15	"K|5|V"
2294	"Sharqah"	366,158	2616	0,2	0,24	0,06	"M|2|V"
768	"Echo"	468,229	2518	0,4	0,64	0,05	"M|6|V"
385	"Braunton"	270,161	NA	0,3	0,2	0,06	"M|4|V"
443	"Callison"	64,34	2700	0,3	0,15	0,05	"M|4|V"
846	"False Dawn"	695,288	2479	0,1	0,08	0,08	"M|2|V"
397	"Brixtana"	459,358	2815	0,2	0,14	0,07	"M|5|V"
1755	"Mordialloc"	343,245	2616	0,4	0,44	0,03	"M|0|V"
1419	"Kufstein"	341,607	2442	0,1	0,31	0,07	"M|1|V"
1738	"Mokane"	427,644	2465	0,2	0,62	0,08	"M|5|V"
1852	"New Stevens"	23,155	3009	0,3	0,32	0,03	"M|3|V"
1411	"Kreller"	357,934	3346	0,1	0,07	0,05	"M|1|V"
2409	"Sterlington"	526,959	3209	0,3	0,57	0,08	"M|2|V"
1338	"Keystone"	163,642	2679	0,1	0,2	0,05	"M|7|V"
1021	"Gurnet"	249,28	2602	0,4	0,62	0,06	"M|5|V"
984	"Goth Khakar"	412,712	2823	0,2	0,44	0,08	"M|2|V"
2967	"Tranquil"	1762,306	5289	0,9	1,07	0,69	"G|4|V"
1031	"Haggard"	480,751	3856	0,7	0,85	0,49	"K|5|V"
1	"A Place"	298,999	5659	0,8	1,01	0,72	"G|2|V"
2082	"Puttalam"	759,525	2868	0,2	0,41	0,02	"M|4|V"
269	"Bass"	415,671	2556	0,4	0,59	0,03	"M|7|V"
1558	"Maderas"	365,382	2697	0,3	0,52	0,05	"M|6|V"
935	"Gannett"	176,158	2638	0,4	0,64	0,07	"M|3|V"
3076	"Tizga"	1045,431	2479	0,2	0,46	0,07	"M|6|V"
1571	"Malaga"	577,046	5344	0,9	0,98	1,2	"G|4|V"
2017	"Pesht"	372,212	2468	0,3	0,69	0,04	"M|7|V"
2354	"Skondia"	63,99	2593	0,2	0,18	0,07	"M|5|V"
2894	"Dante"	462,311	NA	0,6	0,88	0,39	"K|7|V"
2385	"Spica"	255,008	5813	0,8	1,1	0,88	"G|2|V"
1525	"Loyalty"	268,853	3008	0,4	0,35	0,03	"M|2|V"
668	"Dawn"	376,42	3019	0,2	0,58	0,03	"M|3|V"
2092	"Quemoy"	157,885	4465	0,5	0,78	0,39	"K|2|V"
684	"Delos"	616,325	2527	0,2	0,52	0,05	"M|3|V"
2890	"Charleston"	565,271	2510	0,1	0,4	0,06	"M|3|V"
1892	"Norn"	399,746	4294	0,7	0,72	0,36	"K|0|V"
2664	"Vaucluse"	522,596	3139	0,2	0,26	0,06	"M|1|V"
1791	"Najha"	214,127	4356	0,7	0,75	0,16	"K|3|V"
1616	"Marlowe's Rift"	250,609	2782	0,1	0,61	0,04	"M|0|V"
1262	"Joshua"	638,782	2916	0,2	0,09	0,06	"M|5|V"
2644	"Valabhi"	478,969	5788	0,9	1,13	1,35	"G|2|V"
1559	"Madiun"	402,121	3242	0,3	0,49	0,02	"M|3|V"
490	"Casere"	352,437	2863	0,2	0,68	0,05	"M|2|V"
1485	"Leyda"	354,159	3143	0,3	0,53	0,03	"M|3|V"
377	"Bountiful Harvest"	294,93	3824	0,6	0,94	0,4	"K|2|V"
972	"Goat Path"	385,787	4653	0,6	0,95	0,43	"K|2|V"
2101	"Quittacas"	270,647	2408	0,3	0,46	0,06	"M|3|V"
1847	"New Sagan"	194,789	3388	0,1	0,55	0,04	"M|1|V"
636	"Cursa"	352,409	4184	0,6	0,94	0,14	"K|5|V"
1254	"Joan's Post"	565,66	2911	0,2	0,21	0,05	"M|5|V"
2487	"Tanz"	690,763	2516	0,4	0,64	0,06	"M|0|V"
1195	"Indrapurai"	567,628	3337	0,3	0,6	0,06	"M|2|V"
259	"Barlaston"	293,832	2680	0,1	0,19	0,03	"M|3|V"
3009	"Wismar"	1269,059	3012	0,4	0,59	0,06	"M|3|V"
49	"Al Jafr"	413,007	3729	NA	0,75	0,53	"K|7|V"
2030	"Pilpala"	376,129	4672	0,5	0,82	0,32	"K|2|V"
242	"Baliggora"	610,608	2435	0,1	0,54	0,02	"M|7|V"
510	"Ceuta"	574,553	2576	0,4	0,07	0,01	"M|1|V"
360	"Bonaire"	106,001	2795	0,2	0,17	0,08	"M|5|V"
769	"Edasich"	154,458	5238	1	1,12	0,69	"G|2|V"
1355	"Kimi"	413,929	4803	0,6	0,84	0,44	"K|2|V"
691	"Denizli"	365,293	3808	0,6	0,74	0,27	"K|2|V"
2293	"Sharpe"	217,003	2441	0,1	0,47	0,04	"M|1|V"
2333	"Sigma Mare"	315,003	2644	0,3	0,27	0,06	"M|2|V"
2734	"Wedgefield"	405,478	3972	0,5	0,75	0,1	"K|6|V"
3137	"Mandalas"	448,793	2478	0,2	0,19	0,07	"M|2|V"
1255	"Jodipur"	475,603	4575	0,5	0,89	0,37	"K|3|V"
1361	"Kirkcaldy"	159,557	4323	0,5	0,78	0,56	"K|3|V"
2966	"Tokasha"	1731,797	2957	0,4	0,46	0,07	"M|3|V"
222	"Avranches"	340,42	2727	0,4	0,47	0,03	"M|4|V"
1075	"Hecheng"	425,815	2689	0,2	0,58	0,03	"M|5|V"
921	"Galisteo"	363,119	2812	NA	0,54	0,05	"M|5|V"
1807	"Nekkar"	134,329	3910	0,7	0,72	0,3	"K|6|V"
2302	"Shenwan"	241,813	2870	0,1	0,64	0,06	"M|4|V"
2160	"Robinson"	232,81	2828	0,1	0,44	0,08	"M|5|V"
1327	"Kennard"	476,896	2708	0,1	0,15	0,06	"M|2|V"
3134	"Fylovar"	672,878	5519	1	1,01	1,18	"G|2|V"
1240	"Jatznik"	357,779	3005	0,1	0,18	0,01	"M|2|V"
1974	"Palmyra"	451,543	2596	0,2	0,14	0,07	"M|3|V"
2769	"Wolcott"	367,956	2626	0,2	0,48	0,02	"M|5|V"
2476	"Tamsalu"	234,775	2737	0,3	0,27	0,04	"M|0|V"
3042	"Wark"	756,684	2483	0,4	0,51	0,08	"M|8|V"
2709	"Waimalu"	445,45	2817	0,3	0,44	0,05	"M|4|V"
2980	"Valencia"	1328,372	3474	0,3	0,12	0,05	"M|1|V"
2527	"Thazi"	796,344	2460	0,3	0,16	0,08	"M|7|V"
2490	"Taran's World"	509,069	2853	0,3	0,34	0,04	"M|3|V"
2078	"Prydain"	365,823	4623	0,6	0,94	0,34	"K|2|V"
1043	"Halmyre Deans"	159,641	3178	0,4	0,34	NA	"M|1|V"
2453	"Sylvan"	423,158	3622	0,2	0,22	0,06	"M|0|V"
1098	"Hermagor"	389,709	2653	0,3	0,32	0,07	"M|3|V"
809	"Entalun"	335,777	2745	0,1	0,08	0,04	"M|2|V"
2194	"Ryerson"	330,319	2763	NA	0,43	0,03	"M|3|V"
1243	"Jeanette"	429,198	3197	0,2	0,39	0,02	"M|2|V"
1344	"Kiamba"	250,143	3131	0,1	0,51	0,07	"M|1|V"
1877	"Nirasaki"	39,444	2520	0,2	0,43	0,07	"M|3|V"
2263	"Schrim"	647,911	3890	0,6	0,78	0,09	"K|5|V"
212	"Auldhouse"	148,251	3978	0,6	0,85	0,27	"K|5|V"
799	"Emerson"	206,859	2942	0,4	0,52	0,06	"M|5|V"
2105	"Radostov"	311,275	2663	0,4	0,16	0,04	"M|2|V"
2475	"Tamarind"	281,545	5489	0,9	1,11	0,65	"G|4|V"
1866	"Niangol"	446,206	2796	0,4	0,58	0,02	"M|5|V"
1232	"Janina"	479,25	2551	0,1	0,58	0,04	"M|3|V"
1440	"Lacadon"	190,406	2938	0,4	0,53	0,03	"M|2|V"
2018	"Petrolia"	316,046	2704	0,3	0,16	0,01	"M|4|V"
2223	"Samantha"	430,124	2761	0,4	0,14	0,06	"M|5|V"
2031	"Pinard"	426,467	2841	0,4	0,47	0,01	"M|2|V"
1468	"Laurieston"	141,779	2690	0,2	0,47	0,05	"M|2|V"
2997	"Kampen"	1170,539	2815	0,4	0,21	0,01	"M|5|V"
1794	"Nam Dinh"	260,125	2430	0,2	0,26	0,03	"M|2|V"
2539	"Thun"	260,345	2571	0,1	0,61	0,01	"M|4|V"
1513	"Lone Star"	50,631	5493	1	1,07	0,79	"G|2|V"
142	"Annapolis"	210,25	3921	0,6	0,91	0,55	"K|2|V"
1429	"Kvistgard"	365,517	4359	0,7	0,76	0,56	"K|5|V"
2012	"Périgueux"	352,384	3893	0,7	0,95	0,3	"K|6|V"
1335	"Kessel"	84,732	3742	0,5	0,79	0,53	"K|2|V"
730	"Dompaire"	309,229	2856	0,3	0,49	0,02	"M|3|V"
2154	"Ridgebrook"	377,737	2549	0,2	0,27	0,06	"M|7|V"
2746	"Wernke"	339,138	3260	0,4	0,34	0,06	"M|3|V"
191	"Ashburton"	298,293	4730	0,6	0,81	0,25	"K|2|V"
389	"Brest"	305,055	4348	0,7	0,82	0,4	"K|4|V"
176	"Arlington"	234,954	2558	0,3	0,17	0,02	"M|5|V"
1815	"New Athens"	143,019	2771	0,2	0,11	0,03	"M|5|V"
248	"Baltar"	608,476	2674	0,2	0,53	0,04	"M|6|V"
1190	"Ina"	438,829	3414	0,1	0,19	0,06	"M|1|V"
1409	"Kowloon"	469,383	2481	0,3	0,35	0,05	"M|4|V"
1870	"Niihau"	250,668	2702	0,4	0,45	0,05	"M|3|V"
2900	"Farstar"	606,022	2417	0,3	0,32	0,01	"M|2|V"
3077	"Beta Salandor"	1334,29	3828	0,5	0,91	0,31	"K|5|V"
1317	"Kearny"	302,615	3657	0,3	0,62	0,04	"M|0|V"
1475	"Leipsic"	324,924	2525	0,3	0,21	0,06	"M|8|V"
1006	"Grobin"	119,956	2543	0,1	0,44	0,01	"M|7|V"
1972	"Palladix"	475,111	2421	0,4	0,54	0,01	"M|5|V"
1103	"Hè-shì"	359,722	2761	0,1	0,34	0,03	"M|5|V"
1565	"Maia"	387,893	2706	0,4	0,18	0,07	"M|6|V"
1192	"Inchicore"	362,448	2492	0,3	0,15	0,07	"M|8|V"
1294	"Karachi"	380,368	NA	0,1	0,45	0,04	"M|2|V"
2948	"Huntress"	1758,559	3758	0,7	0,91	0,56	"K|1|V"
2200	"Sabik"	58,472	3262	NA	0,5	0,06	"M|2|V"
1168	"Ichlangis"	413,894	2428	0,4	0,14	NA	"M|8|V"
151	"Aodh"	199,42	3790	0,8	0,81	0,15	"K|5|V"
743	"Drosendorf"	262,269	4573	0,7	0,88	0,13	"K|1|V"
2661	"Vard"	362,643	2695	0,2	0,53	0,07	"M|4|V"
1166	"Ibstock"	104,048	3745	0,6	0,94	0,48	"K|5|V"
422	"Butte Hold"	473,261	3116	0,4	0,3	0,06	"M|4|V"
1156	"Hurgh"	214,246	3545	0,4	0,54	NA	"M|1|V"
2497	"Tatsuno"	256,6	2445	0,2	0,22	0,02	"M|3|V"
3158	"Sacromonte"	462,34	2793	0,4	0,08	0,02	"M|4|V"
2326	"Sialkot"	542,589	3908	0,7	0,78	0,34	"K|7|V"
2321	"Shitara"	96,549	4046	0,6	0,81	0,55	"K|6|V"
555	"Chukchi"	202,057	3165	0,1	0,42	0,03	"M|2|V"
751	"Dumassas"	536,142	2707	NA	0,4	0,08	"M|2|V"
1994	"Patan"	277,972	3738	0,7	0,93	0,47	"K|3|V"
2281	"Sentarus"	567,858	2558	0,2	0,49	0,06	"M|4|V"
1410	"Krakatau"	349,279	2749	0,1	0,22	0,05	"M|2|V"
2578	"Trell"	403,379	2614	0,3	0,13	0,03	"M|4|V"
1394	"Konopiste"	288,934	2935	0,3	0,12	0,01	"M|3|V"
133	"Anembo"	427,152	2836	0,2	0,46	0,05	"M|5|V"
2242	"Sarmaxa"	171,838	2842	0,2	0,51	0,04	"M|2|V"
2471	"Tallassee"	146,829	3932	0,7	0,85	0,09	"K|7|V"
231	"Babaeski"	337,166	2620	0,2	0,62	0,06	"M|2|V"
460	"Candiear"	466,233	3115	0,1	0,21	0,03	"M|4|V"
2506	"Tecumseh"	174,462	NA	0,9	1,07	1,1	"G|5|V"
2316	"Shipton"	539,764	2816	0,1	0,6	0,03	"M|5|V"
3132	"Cephei"	693,324	2819	0,3	0,57	0,06	"M|5|V"
995	"Graus"	313,792	3851	0,6	0,8	0,53	"K|5|V"
1952	"Oshika"	297,334	3158	0,2	0,14	0,08	"M|2|V"
824	"Esteros"	311,441	NA	0,1	0,52	0,08	"M|7|V"
2152	"Richvale"	326,784	2973	0,3	0,49	0,02	"M|3|V"
1664	"Mejicanos"	506,009	3408	0,4	0,14	0,02	"M|1|V"
1076	"Hechnar"	31,041	3364	0,3	0,62	0,05	"M|2|V"
1760	"Morningside"	171,72	4184	0,7	0,83	0,15	"K|6|V"
2072	"Procyon"	12,159	5592	0,9	1,12	0,87	"G|2|V"
54	"Albert Falls"	291,568	2484	0,1	0,1	0,06	"M|0|V"
2505	"Techne's Revenge"	483,669	3395	0,3	0,07	0,01	"M|2|V"
2405	"Steinhatchee"	531,084	4672	0,7	0,75	0,44	"K|0|V"
671	"De Berry"	451,018	4100	0,7	0,78	0,1	"K|6|V"
2492	"Tarkio"	317,42	4859	0,7	0,92	0,47	"K|0|V"
278	"Bayeux"	554,429	3836	0,7	0,86	0,59	"K|7|V"
2611	"Tyrlon"	461,226	2814	0,3	0,63	0,03	"M|3|V"
2381	"Soverzene"	328,893	3136	0,4	0,26	NA	"M|2|V"
2006	"Pella"	229,061	5555	1	1,14	1,35	"G|5|V"
1040	"Hall"	46,401	3041	0,4	0,61	0,04	"M|3|V"
1922	"Odessa"	221,364	3949	0,8	0,79	0,56	"K|2|V"
706	"Diass"	308,861	2933	0,3	0,38	0,03	"M|2|V"
1844	"New Praha"	204,488	2511	0,4	0,41	0,04	"M|2|V"
1806	"Negushevo"	396,623	3582	0,2	0,26	0,04	"M|0|V"
1129	"Home"	323,295	2911	0,3	0,61	0,05	"M|3|V"
2282	"Serenity"	556,611	2701	0,2	0,54	0,07	"M|6|V"
1973	"Palm"	480,801	3935	0,7	0,79	0,34	"K|7|V"
2139	"Rennes"	545,482	2409	0,1	0,49	0,08	"M|3|V"
2556	"Tiskilwa"	232,043	2897	0,3	0,38	0,05	"M|1|V"
673	"Declan"	363,446	2754	0,4	0,41	0,08	"M|3|V"
413	"Bucklands"	464,408	2630	0,2	0,22	0,06	"M|3|V"
547	"Chitwan"	173,436	NA	0,2	0,48	0,02	"M|0|V"
1770	"Mumbai"	250,209	2966	0,3	0,11	0,02	"M|1|V"
1872	"Ningpo"	86,028	4490	NA	0,75	0,32	"K|0|V"
95	"Alta"	290,073	2521	0,2	0,45	0,05	"M|1|V"
3018	"Bazaar"	755,254	2847	0,4	0,59	0,04	"M|2|V"
2701	"Vonja"	659,211	3736	0,7	0,77	0,11	"K|7|V"
1337	"Keuterville"	416,175	4020	0,7	0,94	0,21	"K|5|V"
448	"Calvados"	459,103	5613	0,8	1,15	1,17	"G|4|V"
3148	"Alamagordo"	376,987	5573	1	1,05	0,97	"G|4|V"
527	"Chaumont"	360,996	2575	0,1	0,5	0,07	"M|5|V"
675	"Defiance"	438,118	3030	0,4	0,37	0,06	"M|4|V"
1130	"Homestead"	289,467	3103	0,1	0,67	0,07	"M|3|V"
2020	"Phalan"	135,839	2535	0,2	0,22	0,02	"M|2|V"
879	"Flatspin"	465,383	3333	0,2	0,27	0,05	"M|1|V"
1510	"Loikaw"	755,668	5325	1	0,98	0,63	"G|2|V"
1758	"Moriguchi"	466,533	2576	0,2	0,26	0,04	"M|1|V"
83	"Almunge"	429,394	2658	0,3	0,32	0,08	"M|3|V"
1753	"Moore"	64,313	2608	0,2	0,41	0,05	"M|2|V"
1944	"Orbisonia"	215,934	4822	0,6	0,71	0,28	"K|2|V"
2419	"Strandfontein"	451,661	2943	0,1	0,5	0,02	"M|3|V"
1667	"Melissia"	412,362	2665	0,2	0,18	0,08	"M|2|V"
2429	"Suianheer"	486,613	3817	0,5	0,84	0,27	"K|2|V"
1453	"Landmark"	434,219	3186	0,2	0,37	0,03	"M|3|V"
143	"Annunziata"	431,715	2759	0,3	0,63	0,02	"M|4|V"
887	"Flushing"	205,833	NA	0,2	0,55	0,01	"M|2|V"
1690	"Mesa Verde"	179,476	2656	0,2	0,1	0,03	"M|2|V"
499	"Ceará"	391,473	2612	0,4	0,41	0,03	"M|2|V"
1682	"Merdal"	401,368	5694	1	1,02	0,71	"G|2|V"
2750	"Westover"	370,149	4204	0,5	0,81	0,3	"K|5|V"
428	"Cadiz"	192,656	2805	0,4	0,29	0,06	"M|5|V"
3057	"Malador Cluster"	1113,246	3394	0,2	0,07	0,07	"M|2|V"
1362	"Kirkenlaard"	201,043	2891	0,1	0,44	NA	"M|2|V"
2115	"Ramona"	331,278	3882	0,6	0,76	0,51	"K|0|V"
976	"Golandrinas"	430,955	5497	1	0,98	1,38	"G|5|V"
1718	"Mira"	115,735	5310	0,9	1	1,31	"G|5|V"
1588	"Mangzhangdian"	447,895	5337	1	1,02	1,02	"G|5|V"
387	"Bremen"	580,875	2629	0,2	0,26	0,05	"M|6|V"
1034	"Hainfeld"	268,861	4454	0,5	0,87	0,19	"K|1|V"
1061	"Harsefeld"	143,095	3782	0,5	0,88	0,14	"K|0|V"
1445	"Laiaka"	114,298	3216	0,4	0,22	0,06	"M|1|V"
153	"Aosia"	180,609	2831	0,1	0,29	0,07	"M|3|V"
1932	"Olancha"	167,368	2486	0,2	0,62	0,03	"M|1|V"
1007	"Gronholt"	534,209	2933	0,2	0,32	0,04	"M|5|V"
1767	"Mozirje"	364,176	4193	0,6	0,92	0,57	"K|4|V"
1227	"Jacobabad"	496,67	4345	0,6	0,75	NA	"K|2|V"
1829	"New Galicia"	424,916	2989	0,4	0,38	0,02	"M|0|V"
372	"Bossangoa"	782,67	2459	0,3	0,22	0,07	"M|0|V"
2004	"Pec"	273,978	2882	0,3	0,15	0,03	"M|5|V"
1649	"Mearra"	559,397	2824	0,2	0,56	0,05	"M|5|V"
1810	"Nestor"	172,538	4278	0,7	0,82	0,09	"K|5|V"
1455	"Langhorne"	486,118	3284	0,4	0,16	NA	"M|0|V"
2814	"Zanbasa"	557,47	2751	0,1	0,17	0,03	"M|3|V"
3114	"Knechee"	1888,354	4371	0,5	0,79	0,28	"K|3|V"
2427	"Styx"	36,337	2434	0,2	0,3	0,06	"M|1|V"
1541	"Luxen"	504,406	4332	0,5	0,91	0,18	"K|5|V"
2155	"Rigil Kentarus"	3,819	2963	NA	0,37	0,02	"M|4|V"
1024	"Gwynedd"	536,196	NA	0,4	0,65	0,08	"M|3|V"
741	"Drienfontein"	397,279	2932	0,2	0,16	0,07	"M|4|V"
2084	"Qanatir"	456,322	2512	0,4	0,19	0,03	"M|8|V"
3167	"Fell Wind"	1301,092	3157	0,2	0,52	0,07	"M|2|V"
2001	"Payvand"	376,287	4345	0,7	0,73	NA	"K|5|V"
681	"Delavan"	286,153	3883	0,7	0,88	0,51	"K|7|V"
1779	"Muskegon"	192,158	2643	0,3	0,52	0,06	"M|7|V"
129	"Andelys"	458,79	2551	0,3	0,55	0,07	"M|2|V"
2390	"St. Gall"	115,273	2500	0,3	0,54	0,05	"M|2|V"
23	"Acubens"	72,795	4108	0,6	0,74	NA	"K|3|V"
1563	"Mahone"	385,404	2442	0,2	0,38	0,05	"M|2|V"
2299	"Shawnee"	556,766	2795	0,3	0,62	0,04	"M|2|V"
1047	"Hamilton"	268,352	3234	0,3	0,45	0,06	"M|0|V"
3084	"Richmond's World"	896,575	2470	0,3	0,1	0,04	"M|2|V"
533	"Cheriton"	409,696	4672	0,6	0,78	0,39	"K|3|V"
2087	"Qualip"	202,732	5719	0,9	1,1	0,68	"G|2|V"
1951	"Ormstown"	479,676	5758	1	1,11	0,67	"G|2|V"
1665	"Melcher"	369,315	2462	0,3	0,51	0,01	"M|5|V"
106	"Altoona"	550,585	2454	0,2	0,18	0,06	"M|2|V"
541	"Chimpaw"	160,932	4502	0,8	0,92	0,26	"K|4|V"
584	"Concord"	149,242	2690	NA	0,42	0,04	"M|4|V"
362	"Bone-Norman"	463,592	2544	NA	0,18	0,01	"M|5|V"
465	"Capella"	176,33	2784	0,1	0,19	0,08	"M|6|V"
2896	"Diik"	705,361	2545	0,1	0,65	0,07	"M|2|V"
210	"Augusta"	299,14	2573	0,4	0,44	0,06	"M|2|V"
3020	"Ctesiphon"	1093,331	2966	0,1	0,59	0,06	"M|3|V"
1073	"Heart Fjord"	244,272	5394	0,9	0,98	0,72	"G|5|V"
3086	"Rim Worlds Republic Outpost #7"	1631,332	5004	0,7	0,88	0,56	"K|0|V"
229	"Azha"	74,442	4843	0,5	0,86	0,44	"K|2|V"
3170	"Hallelujah"	1177,918	4447	0,5	0,85	0,28	"K|3|V"
1955	"Osumi"	157,352	3489	0,2	0,47	0,06	"M|0|V"
536	"Chhaprauli"	409,814	4086	0,7	0,95	0,26	"K|2|V"
1801	"Nashuar"	224,427	2519	0,3	0,59	0,02	"M|3|V"
2607	"Tuscarawas"	402,26	NA	0,4	0,65	0,06	"M|0|V"
1010	"Grosvenor"	363,576	4015	0,5	0,71	0,29	"K|5|V"
2970	"Zara"	1800,775	2697	0,4	0,29	0,04	"M|3|V"
2521	"Texlos"	294,114	5409	0,9	1,13	1,12	"G|4|V"
113	"Amber"	471,531	3714	0,6	0,85	0,57	"K|3|V"
2548	"Timehri"	395,6	4131	0,6	0,72	0,36	"K|2|V"
2998	"Köln"	1009,557	2890	0,4	0,54	0,07	"M|3|V"
529	"Chebanse"	247,557	2908	0,2	0,53	0,02	"M|3|V"
407	"Bruben"	388,51	4687	0,6	0,79	0,2	"K|3|V"
110	"Alya"	100,16	3814	0,8	0,83	0,45	"K|5|V"
484	"Carsphairn"	103,77	NA	0,3	0,64	0,06	"M|4|V"
2877	"Stafford"	522,429	3169	0,3	0,3	0,03	"M|3|V"
612	"Courtney"	283,773	2407	0,2	0,58	0,06	"M|8|V"
607	"Cosenza"	363,777	3078	0,2	0,39	0,04	"M|2|V"
2673	"Verdigreis"	498,288	2634	0,2	0,5	0,03	"M|6|V"
3152	"Bonavista"	447,234	5327	1	1,13	0,9	"G|2|V"
359	"Bolan"	278,021	2499	0,3	0,39	0,06	"M|2|V"
2670	"Vendrell"	340,039	5487	0,9	0,98	1,23	"G|4|V"
569	"Clovis"	180,192	3777	0,6	0,74	0,09	"K|6|V"
2185	"Royalston"	262,551	3946	0,7	0,81	0,51	"K|2|V"
1423	"Kupang"	563,943	2760	0,4	0,6	0,01	"M|2|V"
2941	"Foster"	1733,744	4412	0,5	0,91	NA	"K|0|V"
262	"Barstow"	175,434	3323	0,2	0,54	0,01	"M|2|V"
2134	"Relevow"	200,966	2510	NA	0,33	0,08	"M|2|V"
2359	"Slocum"	78,186	2918	0,1	0,33	0,02	"M|5|V"
28	"Adelson"	532,641	3551	0,1	0,66	0,02	"M|1|V"
2100	"Quines"	763,865	2759	0,3	0,48	0,06	"M|6|V"
388	"Bremond"	392,65	3837	0,5	0,82	0,19	"K|3|V"
714	"Dieron"	19,265	5453	1	0,98	1,27	"G|5|V"
1855	"New Troy"	264,885	2440	0,1	0,32	0,02	"M|8|V"
42	"Agmond"	419,991	3360	0,2	0,52	0,01	"M|1|V"
345	"Blue Diamond"	186,129	2922	0,1	0,11	0,04	"M|3|V"
1162	"Hyde"	162,376	5348	1	1,07	1,09	"G|2|V"
3081	"SLSC A0V.4900"	1008,835	3720	0,7	0,79	0,32	"K|0|V"
2138	"Renfield"	444,983	2772	0,4	0,37	0,03	"M|3|V"
384	"Braum"	332,168	2747	0,3	0,29	0,06	"M|3|V"
3117	"Midden"	658,395	5438	0,9	0,97	0,94	"G|5|V"
1456	"Laong"	250,764	3920	0,5	0,94	0,34	"K|2|V"
1448	"Lamu"	239,315	2431	0,4	0,56	0,02	"M|4|V"
3038	"Transfer Station P3"	892,752	2612	0,3	0,09	0,03	"M|3|V"
2352	"Skiland"	552,08	2845	0,2	0,4	NA	"M|4|V"
1547	"Lyreton"	424,809	5565	NA	1,09	1,26	"G|2|V"
2924	"Spitz"	482,731	3109	NA	0,26	0,06	"M|0|V"
423	"Butzfleth"	389,109	4468	0,6	0,77	NA	"K|4|V"
2484	"Tannil"	134,807	2624	0,3	0,63	0,02	"M|2|V"
1390	"Kolobrzeg"	137,987	4455	0,7	0,93	0,23	"K|0|V"
1923	"O'Fallon"	324,418	2871	0,3	0,53	0,04	"M|2|V"
1884	"Nockatunga"	294,042	2526	0,2	0,42	0,02	"M|8|V"
2972	"Aragon"	1310,844	4054	0,6	0,91	0,26	"K|5|V"
1198	"Ingonish"	355,186	3770	0,7	0,85	0,22	"K|3|V"
3116	"Melidron"	1143,545	2542	0,3	0,14	0,03	"M|7|V"
1895	"Northwind"	34,24	2973	0,2	0,13	0,05	"M|3|V"
1879	"Nito"	601,481	3020	0,4	0,29	0,04	"M|3|V"
439	"Caledea"	356,012	4577	0,5	0,74	0,46	"K|2|V"
2861	"Ballalaba"	534,599	3006	0,2	0,27	0,03	"M|3|V"
